epoch,steps,cosine-Accuracy@1,cosine-Accuracy@3,cosine-Accuracy@5,cosine-Accuracy@10,cosine-Precision@1,cosine-Recall@1,cosine-Precision@3,cosine-Recall@3,cosine-Precision@5,cosine-Recall@5,cosine-Precision@10,cosine-Recall@10,cosine-MRR@10,cosine-NDCG@10,cosine-MAP@100,dot-Accuracy@1,dot-Accuracy@3,dot-Accuracy@5,dot-Accuracy@10,dot-Precision@1,dot-Recall@1,dot-Precision@3,dot-Recall@3,dot-Precision@5,dot-Recall@5,dot-Precision@10,dot-Recall@10,dot-MRR@10,dot-NDCG@10,dot-MAP@100
-1,-1,0.4967948717948718,0.7147435897435898,0.8012820512820513,0.8878205128205128,0.4967948717948718,0.4967948717948718,0.2382478632478633,0.7147435897435898,0.16025641025641027,0.8012820512820513,0.08878205128205127,0.8878205128205128,0.6274572649572648,0.69066361056788,0.6328873016285366,0.4967948717948718,0.7147435897435898,0.8012820512820513,0.8878205128205128,0.4967948717948718,0.4967948717948718,0.2382478632478633,0.7147435897435898,0.16025641025641027,0.8012820512820513,0.08878205128205127,0.8878205128205128,0.6274572649572648,0.69066361056788,0.6328873016285366
-1,-1,0.4967948717948718,0.7147435897435898,0.8012820512820513,0.8878205128205128,0.4967948717948718,0.4967948717948718,0.2382478632478633,0.7147435897435898,0.16025641025641027,0.8012820512820513,0.08878205128205127,0.8878205128205128,0.6274572649572648,0.69066361056788,0.6328873016285366,0.4967948717948718,0.7147435897435898,0.8012820512820513,0.8878205128205128,0.4967948717948718,0.4967948717948718,0.2382478632478633,0.7147435897435898,0.16025641025641027,0.8012820512820513,0.08878205128205127,0.8878205128205128,0.6274572649572648,0.69066361056788,0.6328873016285366
