epoch,steps,cosine-Accuracy@1,cosine-Accuracy@3,cosine-Accuracy@5,cosine-Accuracy@10,cosine-Precision@1,cosine-Recall@1,cosine-Precision@3,cosine-Recall@3,cosine-Precision@5,cosine-Recall@5,cosine-Precision@10,cosine-Recall@10,cosine-MRR@10,cosine-NDCG@10,cosine-MAP@100,dot-Accuracy@1,dot-Accuracy@3,dot-Accuracy@5,dot-Accuracy@10,dot-Precision@1,dot-Recall@1,dot-Precision@3,dot-Recall@3,dot-Precision@5,dot-Recall@5,dot-Precision@10,dot-Recall@10,dot-MRR@10,dot-NDCG@10,dot-MAP@100
-1,-1,0.6217948717948718,0.8237179487179487,0.8974358974358975,0.9647435897435898,0.6217948717948718,0.6217948717948718,0.27457264957264954,0.8237179487179487,0.17948717948717946,0.8974358974358975,0.09647435897435896,0.9647435897435898,0.7370764652014652,0.7923766083582862,0.7396023091936553,0.6217948717948718,0.8237179487179487,0.8974358974358975,0.9647435897435898,0.6217948717948718,0.6217948717948718,0.27457264957264954,0.8237179487179487,0.17948717948717946,0.8974358974358975,0.09647435897435896,0.9647435897435898,0.7370764652014652,0.7923766083582862,0.7396023091936553
